1,jacky Jill,jackey.jill@gamil.com,2/4/2019
2,Sam Zoo,Sam.Zoo@yahoo.com,6/8/2019
3,Dandy sue,Dandey.sue@gamil.com,10/10/2019
4,Lee max,Lee ey.max@gamil.com,2/11/2020
5,Uzee Mary,Uzee.Mary@yahoo.com,6/14/2020
6,Peter Martin,Peter.Martin@yahoo.com,10/16/2020
7,Andrew Casey,Andrew.Casey@yahoo.com,2/17/2021
8,Sami Ruth,Sami.Ruth@yahoo.com,6/21/2021
9,Fay Lesa,Fay.Lesa@yahoo.com,10/23/2021
10,Hany Kim,Hany.Kim@yahoo.com,2/24/2022
